ProT,0.42999999999999999
GTA,0.31
ATA,0.0
Roll,0.0
MGW,0.0
MGW,0.0
MGW,0.0
MGW,0.0
Roll,0.0
Roll,0.0
Roll,0.0
Roll,0.0
Roll,0.0
Roll,0.0
MGW,0.0
Roll,0.0
Roll,0.0
Roll,0.0
HelT2,0.0
HelT2,0.0
HelT2,0.0
HelT2,0.0
HelT2,0.0
HelT2,0.0
HelT2,0.0
MGW,0.0
MGW,0.0
MGW,0.0
HelT2,0.0
HelT,0.0
HelT,0.0
HelT,0.0
HelT,0.0
HelT,0.0
HelT,0.0
HelT,0.0
HelT,0.0
HelT,0.0
HelT,0.0
ProT,0.0
ProT,0.0
ProT,0.0
ProT,0.0
ProT,0.0
ProT,0.0
ProT,0.0
ProT,0.0
ProT,0.0
MGW,0.0
MGW,0.0
HelT2,0.0
HelT2,0.0
CAG,0.0
CGA,0.0
ATC,0.0
AAG,0.0
CGC,0.0
AGG,0.0
GAA,0.0
ACG,0.0
ACC,0.0
GAC,0.0
CCC,0.0
ACA,0.0
GGA,0.0
MGW2,0.0
CAA,0.0
AGC,0.0
AGA,0.0
CTC,0.0
CAC,0.0
TAA,0.0
GCA,0.0
CTA,0.0
GCC,0.0
ATG,0.0
CCG,0.0
ACT,0.0
AAC,0.0
CCA,0.0
MGW2,0.0
MGW2,0.0
MGW2,0.0
MGW2,0.0
MGW2,0.0
MGW2,0.0
MGW2,0.0
MGW2,0.0
MGW2,0.0
Roll2,0.0
Roll2,0.0
Roll2,0.0
Roll2,0.0
Roll2,0.0
Roll2,0.0
Roll2,0.0
Roll2,0.0
Roll2,0.0
Roll2,0.0
AAT,0.0
AAA,0.0
TCA,0.0
